日付,閲覧数,閲覧者数,"閲覧
フォロワー比率","閲覧
フォロワー以外比率",純フォロワー増減,インタラクション数,ストーリーズ,リール,投稿,ライブ,ストーリーズ,リール,投稿,ライブ,"プロフィール
アクセス数","自己紹介
リンクタップ数",ビジネス住所タップ数,DM数,リール視聴維持率(対象投稿),メモ
2026-07-03,2207,711,84.5,15.5,22,15,1871,284,52,0,12,3,0,0,282,0,0,,,
2026-07-04,5313,921,84.1,15.9,26,29,2653,2175,485,0,17,10,2,0,406,12,0,,,
2026-07-05,5375,1048,82.9,17.1,23,38,2757,2063,555,0,21,13,4,0,377,15,0,,,
2026-07-06,2676,917,83.2,16.8,14,29,1488,829,359,0,16,7,6,0,285,5,0,,,
2026-07-07,2633,937,82.5,17.5,27,39,1897,374,362,0,30,7,2,0,395,4,0,,,
2026-07-08,2845,959,81.6,18.4,33,32,2032,449,364,0,27,5,0,0,518,9,0,,,
2026-07-09,2110,898,77.9,22.1,18,20,1245,434,431,0,18,2,0,0,419,13,0,,,
2026-07-10,2066,849,69.9,30.1,19,15,1197,447,422,0,15,0,0,0,349,9,0,,,
2026-07-11,1716,706,60.3,30.7,17,6,941,420,355,0,6,0,0,0,324,3,0,,,
2026-07-12,2142,340,81.8,18.2,10,18,1467,363,312,0,16,2,0,0,289,1,0,,,
2026-07-13,3161,459,85.6,14.4,15,25,2579,392,190,0,23,2,0,0,276,2,0,,,
2026-07-14,2795,1081,63.5,36.5,21,16,1609,984,202,0,12,4,0,0,325,16,0,,,
2026-07-15,2908,1406,49.7,50.3,28,19,1753,934,221,0,14,5,0,0,359,15,0,,,
2026-07-16,2381,892,65.8,34.2,17,16,1234,967,180,0,11,5,0,0,198,1,0,,,
2026-07-17,2796,552,89.3,10.7,6,24,2158,447,191,0,23,1,0,0,192,5,0,,,
2026-07-18,2794,576,85.9,14.1,16,30,2275,312,206,0,23,6,1,0,293,6,0,,,
2026-07-19,1657,546,71.9,28.1,0,19,1194,324,138,0,9,9,1,0,331,3,0,,,
2026-07-20,977,426,75.7,24.3,20,9,722,214,41,0,5,4,0,0,213,2,0,,,
2026-07-21,1058,611,82.1,17.9,10,15,772,251,35,0,13,2,0,0,158,4,0,,,
2026-07-22,1757,811,86.2,13.8,5,26,1401,316,40,0,24,2,0,0,176,5,0,,,
2026-07-23,2149,1041,82.7,17.3,6,23,1709,416,24,0,21,2,0,0,145,2,0,,,
2026-07-24,2028,992,81.1,18.9,2,23,1571,434,23,0,22,1,0,0,139,0,0,,,
2026-07-25,2220,926,86.4,13.6,3,28,1722,435,63,0,27,1,0,0,199,3,0,,,
2026-07-26,2154,872,85.6,14.4,7,20,1496,580,78,0,17,3,0,0,253,5,0,,,
2026-07-27,1786,866,83.3,16.7,15,21,1311,425,50,0,19,2,0,0,255,3,0,,,
2026-07-28,1246,789,80.7,19.3,0,17,910,301,35,0,17,0,0,0,231,1,0,,,
2026-07-29,240,50,58.8,41.2,7,1,192,30,18,0,1,0,0,0,143,0,0,,,
2026-07-30,219,29,50.7,49.3,1,2,119,76,24,0,2,0,0,0,103,2,0,,,
2026-07-31,206,40,50,50,-1,4,124,60,22,0,4,0,0,0,70,2,0,,,
2026-08-01,654,396,85.3,14.7,2,13,534,107,13,0,11,2,0,0,84,1,0,,,
2026-08-02,2296,679,93.7,6.3,11,37,2104,160,32,0,36,1,0,0,166,3,0,,,
2026-08-03,2799,557,94.6,5.4,18,39,2567,201,31,0,34,5,0,0,201,2,0,,,
2026-08-04,1776,522,87.9,12.1,11,17,1502,247,27,0,12,5,0,0,196,0,0,,,
2026-08-05,1255,581,84.1,15.9,1,17,1015,207,33,0,16,1,0,0,169,0,0,,,
2026-08-06,1085,489,90.2,9.8,-1,19,935,117,33,0,14,5,0,0,132,0,0,,,
2026-08-07,749,129,68.8,31.2,5,6,466,194,89,0,5,1,0,0,127,0,0,,,
2026-08-08,1919,292,83.7,16.3,11,20,1485,224,110,0,18,2,0,0,181,0,0,,,
2026-08-09,2462,385,92.2,7.8,13,22,2102,302,58,0,20,2,0,0,230,0,0,,,
2026-08-10,2120,707,90.9,9.1,14,24,1751,327,42,0,24,0,0,0,248,0,0,,,
2026-08-11,1783,826,87.7,12.3,5,26,1497,240,46,0,26,0,0,0,216,0,0,,,
2026-08-12,822,368,62.7,27.2,-5,8,508,257,57,0,4,3,1,0,148,0,0,,,
2026-08-13,343,48,31.5,68.5,-4,4,192,108,43,0,3,1,0,0,95,0,0,,,
2026-08-14,139,55,46,54,-7,0,113,20,6,0,0,0,0,0,59,0,0,,,
2026-08-15,724,434,76.7,23.3,-5,6,484,210,30,0,6,0,0,0,119,0,0,,,
2026-08-16,114,662,80.2,19.8,4,12,757,344,43,0,11,1,0,0,152,0,0,,,
2026-08-17,626,275,76.5,23.5,7,7,317,290,19,0,5,2,0,0,104,0,0,,,
2026-08-18,267,44,59.9,40.1,9,1,248,17,2,0,1,0,0,0,104,0,0,,,
2026-08-19,260,44,48.1,51.9,7,1,173,69,18,0,1,0,0,0,106,0,0,,,
2026-08-20,251,51,49.8,50.2,19,2,129,102,20,0,2,0,0,0,148,0,0,,,
2026-08-21,206,62,47.6,52.4,24,4,125,59,22,0,4,0,0,0,188,0,0,,,
2026-08-22,183,50,21.9,78.1,4,3,128,39,16,0,3,0,0,0,144,0,0,,,
2026-08-23,201,42,17.4,82.6,3,5,144,43,14,0,5,0,0,0,146,0,0,,,
2026-08-24,259,45,42.9,57.1,8,5,154,56,49,0,5,0,0,0,137,0,0,,,
2026-08-25,196,46,40.9,59.1,7,1,124,56,13,0,1,0,0,0,99,0,0,,,
2026-08-26,204,46,57.2,42.8,5,3,99,84,18,0,3,0,0,0,85,0,0,,,
2026-08-27,207,40,59.4,40.6,-3,2,96,84,27,0,2,0,0,0,65,0,0,,,
2026-08-28,145,35,31.7,68.3,-1,3,113,23,9,0,3,0,0,0,85,0,0,,,
2026-08-29,627,398,83.6,16.4,4,17,488,121,18,0,14,3,0,0,127,0,0,,,
2026-08-30,898,657,88.1,11.9,2,16,782,96,20,0,15,1,0,0,132,0,0,,,
2026-08-31,1438,750,78.5,21.5,4,14,1194,188,56,0,12,2,0,0,171,0,0,,,
2026-09-01,2362,702,83.7,16.3,8,25,2047,223,89,0,21,3,1,0,201,0,0,,,
2026-09-02,2775,605,86.9,13.1,18,39,2478,209,85,0,36,2,1,0,193,2,0,,,
2026-09-03,1896,687,85.6,14.4,16,33,1664,177,53,0,33,0,0,0,154,3,0,,,
2026-09-04,487,224,82.9,17.1,5,7,376,89,20,0,7,0,0,0,88,1,0,,,
2026-09-05,210,45,21.9,78.1,6,0,36,8,0,0,0,0,0,0,90,0,0,,,
2026-09-06,1048,667,77.9,22.1,20,16,772,218,58,0,16,0,0,0,164,5,0,,,
2026-09-07,1134,721,81.5,18.5,25,19,902,160,72,0,18,1,0,0,157,7,0,,,
2026-09-08,1003,600,76.9,23.1,12,18,793,161,49,0,15,2,1,0,135,4,0,,,
2026-09-09,882,550,77.7,22.3,8,15,661,179,42,0,13,1,1,0,133,2,0,,,
2026-09-10,946,634,76.6,23.4,6,14,727,186,33,0,13,1,0,0,133,6,0,,,
2026-09-11,953,639,76.8,23.3,7,14,748,171,34,0,13,1,0,0,127,6,0,,,
2026-09-12,1499,254,81.5,18.5,5,11,1290,181,28,0,10,1,0,0,103,2,0,,,
2026-09-13,2074,349,85.5,14.5,2,19,1858,180,35,0,18,1,0,0,109,2,0,,,
2026-09-14,1454,679,92.2,7.8,-1,20,1331,92,30,0,20,0,0,0,112,2,0,,,
2026-09-15,993,751,91.5,8.5,-1,17,890,80,23,0,17,0,0,0,121,2,0,,,
2026-09-16,281,157,60.1,39.9,2,5,156,103,22,0,5,0,0,0,102,1,0,,,
2026-09-17,111,35,16.2,83.8,5,0,77,22,12,0,0,0,0,0,68,1,0,,,
2026-09-18,82,28,11,89,3,0,53,18,11,0,0,0,0,0,55,0,0,,,
2026-09-19,306,162,54.6,45.4,0,3,205,74,27,0,3,0,0,0,110,1,0,,,
2026-09-20,845,560,77.6,22.4,-3,14,706,112,24,0,13,1,0,0,171,1,0,,,
2026-09-21,1266,687,82.6,17.4,-7,21,1025,207,31,0,17,4,0,0,169,2,0,,,
2026-09-22,3362,683,93.7,6.3,-5,20,3125,199,38,0,17,3,0,0,165,2,0,,,
2026-09-23,3970,875,83.1,16.9,-3,19,3349,587,34,0,17,2,0,0,173,1,0,,,
2026-09-24,5262,3025,39.8,60.2,1,54,3711,1526,25,0,36,18,0,0,200,1,0,,,
2026-09-25,4350,2821,36.6,63.4,-1,49,3482,863,5,0,37,12,0,0,159,0,0,,,
2026-09-26,1451,579,81.1,18.9,-9,6,909,442,97,0,3,2,1,0,87,1,0,,,
2026-09-27,5004,2645,47.1,52.9,-2,41,2677,2249,75,0,23,18,0,0,92,5,0,,,
2026-09-28,6450,3473,42.7,57.3,1,70,4077,1532,840,0,39,16,15,0,126,6,0,,,
2026-09-29,4584,2509,51.3,48.7,-4,49,2729,1517,337,0,25,24,0,0,131,4,0,,,
